station,method,horizon,avg_f1
ATL,Persistence,1,0.8051
ATL,Persistence,2,0.7091
ATL,Persistence,3,0.6382
ATL,Persistence,4,0.5749
ATL,Persistence,5,0.5221
ATL,Persistence,6,0.4793
ATL,TAF base,1,0.7329
ATL,TAF base,2,0.7015
ATL,TAF base,3,0.6816
ATL,TAF base,4,0.6717
ATL,TAF base,5,0.6698
ATL,TAF base,6,0.668
ATL,TAF + TEMPO,1,0.7322
ATL,TAF + TEMPO,2,0.6977
ATL,TAF + TEMPO,3,0.678
ATL,TAF + TEMPO,4,0.6659
ATL,TAF + TEMPO,5,0.6622
ATL,TAF + TEMPO,6,0.6614
ATL,Local XGBoost,1,0.8065
ATL,Local XGBoost,2,0.7352
ATL,Local XGBoost,3,0.6898
ATL,Local XGBoost,4,0.6595
ATL,Local XGBoost,5,0.6283
ATL,Local XGBoost,6,0.6023
ATL,Hybrid XGBoost,1,0.8151
ATL,Hybrid XGBoost,2,0.7431
ATL,Hybrid XGBoost,3,0.7014
ATL,Hybrid XGBoost,4,0.6881
ATL,Hybrid XGBoost,5,0.674
ATL,Hybrid XGBoost,6,0.6666
ORD,Persistence,1,0.7923
ORD,Persistence,2,0.6785
ORD,Persistence,3,0.5948
ORD,Persistence,4,0.5288
ORD,Persistence,5,0.4814
ORD,Persistence,6,0.4351
ORD,TAF base,1,0.73
ORD,TAF base,2,0.6882
ORD,TAF base,3,0.6697
ORD,TAF base,4,0.6661
ORD,TAF base,5,0.6605
ORD,TAF base,6,0.6544
ORD,TAF + TEMPO,1,0.6994
ORD,TAF + TEMPO,2,0.6605
ORD,TAF + TEMPO,3,0.6395
ORD,TAF + TEMPO,4,0.6345
ORD,TAF + TEMPO,5,0.634
ORD,TAF + TEMPO,6,0.6304
ORD,Local XGBoost,1,0.7816
ORD,Local XGBoost,2,0.6556
ORD,Local XGBoost,3,0.5935
ORD,Local XGBoost,4,0.5455
ORD,Local XGBoost,5,0.5021
ORD,Local XGBoost,6,0.4711
ORD,Hybrid XGBoost,1,0.7836
ORD,Hybrid XGBoost,2,0.6956
ORD,Hybrid XGBoost,3,0.6529
ORD,Hybrid XGBoost,4,0.6377
ORD,Hybrid XGBoost,5,0.6347
ORD,Hybrid XGBoost,6,0.6338
SEA,Persistence,1,0.7102
SEA,Persistence,2,0.5807
SEA,Persistence,3,0.4976
SEA,Persistence,4,0.4222
SEA,Persistence,5,0.3636
SEA,Persistence,6,0.3129
SEA,TAF base,1,0.5734
SEA,TAF base,2,0.5057
SEA,TAF base,3,0.4538
SEA,TAF base,4,0.4168
SEA,TAF base,5,0.3944
SEA,TAF base,6,0.3788
SEA,TAF + TEMPO,1,0.6046
SEA,TAF + TEMPO,2,0.5296
SEA,TAF + TEMPO,3,0.4712
SEA,TAF + TEMPO,4,0.4284
SEA,TAF + TEMPO,5,0.403
SEA,TAF + TEMPO,6,0.3872
SEA,Local XGBoost,1,0.7132
SEA,Local XGBoost,2,0.5881
SEA,Local XGBoost,3,0.5256
SEA,Local XGBoost,4,0.48
SEA,Local XGBoost,5,0.4549
SEA,Local XGBoost,6,0.4313
SEA,Hybrid XGBoost,1,0.7114
SEA,Hybrid XGBoost,2,0.601
SEA,Hybrid XGBoost,3,0.5368
SEA,Hybrid XGBoost,4,0.493
SEA,Hybrid XGBoost,5,0.455
SEA,Hybrid XGBoost,6,0.4295
BOS,Persistence,1,0.8094
BOS,Persistence,2,0.7204
BOS,Persistence,3,0.6562
BOS,Persistence,4,0.6009
BOS,Persistence,5,0.5539
BOS,Persistence,6,0.5139
BOS,TAF base,1,0.7229
BOS,TAF base,2,0.6977
BOS,TAF base,3,0.6819
BOS,TAF base,4,0.6706
BOS,TAF base,5,0.6621
BOS,TAF base,6,0.6534
BOS,TAF + TEMPO,1,0.7219
BOS,TAF + TEMPO,2,0.6975
BOS,TAF + TEMPO,3,0.6802
BOS,TAF + TEMPO,4,0.6692
BOS,TAF + TEMPO,5,0.661
BOS,TAF + TEMPO,6,0.6531
BOS,Local XGBoost,1,0.8108
BOS,Local XGBoost,2,0.7304
BOS,Local XGBoost,3,0.6823
BOS,Local XGBoost,4,0.6453
BOS,Local XGBoost,5,0.613
BOS,Local XGBoost,6,0.5849
BOS,Hybrid XGBoost,1,0.8113
BOS,Hybrid XGBoost,2,0.7407
BOS,Hybrid XGBoost,3,0.6978
BOS,Hybrid XGBoost,4,0.688
BOS,Hybrid XGBoost,5,0.6647
BOS,Hybrid XGBoost,6,0.6431
DFW,Persistence,1,0.7658
DFW,Persistence,2,0.6577
DFW,Persistence,3,0.5931
DFW,Persistence,4,0.5356
DFW,Persistence,5,0.4826
DFW,Persistence,6,0.44
DFW,TAF base,1,0.6873
DFW,TAF base,2,0.6422
DFW,TAF base,3,0.6225
DFW,TAF base,4,0.6043
DFW,TAF base,5,0.5899
DFW,TAF base,6,0.5831
DFW,TAF + TEMPO,1,0.6774
DFW,TAF + TEMPO,2,0.6442
DFW,TAF + TEMPO,3,0.6249
DFW,TAF + TEMPO,4,0.6002
DFW,TAF + TEMPO,5,0.5791
DFW,TAF + TEMPO,6,0.5741
DFW,Local XGBoost,1,0.7675
DFW,Local XGBoost,2,0.6751
DFW,Local XGBoost,3,0.6225
DFW,Local XGBoost,4,0.5859
DFW,Local XGBoost,5,0.529
DFW,Local XGBoost,6,0.5307
DFW,Hybrid XGBoost,1,0.7663
DFW,Hybrid XGBoost,2,0.6922
DFW,Hybrid XGBoost,3,0.6466
DFW,Hybrid XGBoost,4,0.617
DFW,Hybrid XGBoost,5,0.5881
DFW,Hybrid XGBoost,6,0.5738
LAX,Persistence,1,0.7948
LAX,Persistence,2,0.6828
LAX,Persistence,3,0.6045
LAX,Persistence,4,0.539
LAX,Persistence,5,0.4833
LAX,Persistence,6,0.4387
LAX,TAF base,1,0.719
LAX,TAF base,2,0.6377
LAX,TAF base,3,0.5893
LAX,TAF base,4,0.557
LAX,TAF base,5,0.5329
LAX,TAF base,6,0.5161
LAX,TAF + TEMPO,1,0.7173
LAX,TAF + TEMPO,2,0.6364
LAX,TAF + TEMPO,3,0.5887
LAX,TAF + TEMPO,4,0.5563
LAX,TAF + TEMPO,5,0.5331
LAX,TAF + TEMPO,6,0.5163
LAX,Local XGBoost,1,0.7908
LAX,Local XGBoost,2,0.6885
LAX,Local XGBoost,3,0.6226
LAX,Local XGBoost,4,0.5696
LAX,Local XGBoost,5,0.5359
LAX,Local XGBoost,6,0.499
LAX,Hybrid XGBoost,1,0.7898
LAX,Hybrid XGBoost,2,0.6864
LAX,Hybrid XGBoost,3,0.6415
LAX,Hybrid XGBoost,4,0.5988
LAX,Hybrid XGBoost,5,0.5632
LAX,Hybrid XGBoost,6,0.5401
