station,horizon,persistence,logreg,xgboost,xgb_minus_persistence
ATL,1,0.805,0.804,0.809,0.004
ATL,2,0.709,0.726,0.737,0.028
ATL,3,0.638,0.678,0.69,0.052
ATL,4,0.575,0.636,0.662,0.087
ATL,5,0.522,0.602,0.624,0.102
ATL,6,0.479,0.574,0.605,0.126
ORD,1,0.792,0.779,0.776,-0.016
ORD,2,0.678,0.675,0.655,-0.023
ORD,3,0.594,0.598,0.59,-0.004
ORD,4,0.528,0.544,0.542,0.014
ORD,5,0.481,0.503,0.509,0.028
ORD,6,0.435,0.473,0.474,0.039
SEA,1,0.71,0.705,0.713,0.003
SEA,2,0.58,0.581,0.588,0.008
SEA,3,0.497,0.505,0.52,0.023
SEA,4,0.422,0.429,0.482,0.06
SEA,5,0.363,0.379,0.452,0.089
SEA,6,0.313,0.364,0.429,0.116
BOS,1,0.809,0.808,0.808,-0.001
BOS,2,0.72,0.726,0.732,0.012
BOS,3,0.656,0.679,0.683,0.027
BOS,4,0.6,0.638,0.645,0.045
BOS,5,0.553,0.598,0.61,0.057
BOS,6,0.513,0.567,0.579,0.066
DFW,1,0.766,0.759,0.77,0.004
DFW,2,0.658,0.668,0.676,0.018
DFW,3,0.593,0.611,0.619,0.026
DFW,4,0.536,0.551,0.584,0.048
DFW,5,0.483,0.524,0.541,0.058
DFW,6,0.44,0.484,0.531,0.091
LAX,1,0.795,0.792,0.79,-0.005
LAX,2,0.683,0.684,0.689,0.006
LAX,3,0.604,0.61,0.624,0.02
LAX,4,0.539,0.546,0.573,0.034
LAX,5,0.483,0.492,0.529,0.046
LAX,6,0.439,0.451,0.502,0.063
